Outlet_ID,Maximum_Monthly_Liters,Current_Average_Sales,Confidence_Score,Segment,Trade_Spend_Allocation_LKR
OUT_00001,1941.4700014761208,851.0646452572335,0.6825208790864236,Challenge,22500.0
OUT_00002,1668.4198072724294,735.9681497370211,0.7008463976306687,Growing Rural,22500.0
OUT_00003,1790.8517259599382,1133.6300703581824,0.6729092714908277,High Potential Urban,22500.0
OUT_00004,1682.090300234845,1217.3696864494204,0.8695891662758195,Challenge,22500.0
OUT_00005,1815.7207970660115,863.2211791210037,0.9387674072202115,Challenge,22500.0
OUT_00006,1559.2046589518077,654.2910659709515,0.8658574198039632,Stable Mature,22500.0
OUT_00007,2100.2055215172672,651.2551840667657,0.9116324809362986,High Potential Urban,22500.0
OUT_00008,1672.9984760328575,1141.1282346652242,0.6848687783461743,Growing Rural,22500.0
OUT_00009,1817.0550959079228,654.7909224918021,0.754269904649712,Challenge,22500.0
OUT_00010,1886.504494397222,508.96026378996606,0.7540953386830411,Growing Rural,22500.0
OUT_00011,1779.0414077671294,1390.5200550469772,0.7561820359415601,Challenge,22500.0
OUT_00012,1332.6850139074409,932.7270675564769,0.8265127574825949,Growing Rural,5000.0
OUT_00016,1542.6560141017449,1384.364567502576,0.8922835354849317,Challenge,22500.0
OUT_00017,1261.021376604317,551.7495641922097,0.6627535192898817,Challenge,22500.0
OUT_00019,1734.8324565662645,1333.6167711150242,0.8963860832313907,High Potential Urban,22500.0
OUT_00020,1951.8583779802937,1490.553324879079,0.7871375679347297,Growing Rural,22500.0
OUT_00021,1513.3839725045946,1387.7675577105542,0.7773255362370779,Stable Mature,5000.0
OUT_00022,1523.353372860469,1415.6230757736548,0.6794082560583297,High Potential Urban,5000.0
OUT_00023,1578.659998074239,757.8353961415758,0.7871668643718834,Growing Rural,5000.0
OUT_00024,1857.5249828000656,1141.3968001907383,0.743097915302913,High Potential Urban,22500.0
OUT_00026,1698.866763124994,1441.5775782334727,0.7271317261389331,Stable Mature,22500.0
OUT_00027,1316.898581154138,1175.6088737668188,0.7327969707724263,Stable Mature,5000.0
OUT_00028,2087.7697735402207,1251.3574931063622,0.8487885616067945,High Potential Urban,22500.0
OUT_00030,1759.3636958659677,1407.920808449179,0.9408003489509678,Growing Rural,22500.0
OUT_00031,1327.4677080880886,969.0280835435046,0.659713318467445,Stable Mature,5000.0
OUT_00032,1754.481351922753,521.6920615424316,0.7051163986424887,Stable Mature,22500.0
OUT_00033,1569.6797351534765,1282.9891414039544,0.7904694923044858,Stable Mature,5000.0
OUT_00034,1493.8661977680802,1397.6418347244553,0.6846265272316961,Stable Mature,22500.0
OUT_00035,1806.537406630221,821.9024973763796,0.7321321716160331,High Potential Urban,22500.0
OUT_00036,1459.0224279930587,1116.1203287859034,0.7034786931046761,Challenge,5000.0
OUT_00037,1497.652795860164,811.1313083165652,0.7522316892570302,High Potential Urban,22500.0
OUT_00038,1906.646369055156,644.1546418862184,0.7973499844444453,Growing Rural,22500.0
OUT_00039,1774.4794243054268,992.2774563789694,0.8214514854995684,High Potential Urban,22500.0
OUT_00040,1845.004866029393,541.1856967651607,0.6658658054359617,Growing Rural,22500.0
OUT_00041,1435.60382401337,1224.363015173522,0.8136241988954898,High Potential Urban,22500.0
OUT_00042,1635.4366326387926,1149.1281383845417,0.7857372490374713,Challenge,22500.0
OUT_00044,1527.3496031417924,864.9100422656136,0.8186612556118239,High Potential Urban,22500.0
OUT_00045,1803.114830033824,1141.618701003577,0.6649294847933496,High Potential Urban,22500.0
OUT_00047,1769.7964790574665,1319.8253669639691,0.7820898555454991,Challenge,22500.0
OUT_00049,1744.9047149011196,1265.3480369774934,0.7179829551429378,Challenge,22500.0
OUT_00051,1941.9881238743708,1149.5067451328673,0.7405140887216486,Stable Mature,22500.0
OUT_00052,1717.430266286378,833.8002909059342,0.7573221728103854,Challenge,22500.0
OUT_00053,1786.6565960677292,713.7829227559962,0.7771127788000148,Challenge,22500.0
OUT_00054,1824.227829025784,1398.6335859137787,0.7792000094327568,Stable Mature,22500.0
OUT_00055,1895.0050920684505,1299.9044037600065,0.728812492479644,Challenge,22500.0
OUT_00056,1674.08876505664,1337.4050171447159,0.8662542475107283,Challenge,22500.0
OUT_00058,1886.1079957543327,999.3454619163206,0.7702215507496296,Stable Mature,22500.0
OUT_00060,1165.3651373436371,1414.460770286334,0.803394972555878,Challenge,22500.0
OUT_00070,997.0904092630968,1187.6507908718493,0.6532534367238986,Stable Mature,5000.0
OUT_00072,1007.6243316099772,947.8304471181709,0.7610442244086347,High Potential Urban,5000.0
OUT_00074,1028.254852104739,665.6207103775945,0.8131254958880363,Growing Rural,5000.0
OUT_00076,1006.0088598350276,1283.1540940826608,0.910786786952328,Stable Mature,5000.0
OUT_00078,909.7110326984838,1224.9261102005426,0.7850508708524471,Growing Rural,5000.0
OUT_00087,1021.912066774439,1414.8265841347775,0.6629869729253733,High Potential Urban,5000.0
OUT_00092,975.9213579378523,1229.5640632140844,0.7812666566822126,Stable Mature,5000.0
OUT_00094,891.4273877941157,1337.4388129710455,0.8210257725110252,Growing Rural,5000.0
OUT_00096,976.0533997127852,1167.518802503003,0.6524801600987443,Stable Mature,5000.0
OUT_00104,936.3038565036192,545.0211084250644,0.7829440844718135,High Potential Urban,5000.0
OUT_00108,951.6517628980752,1053.0116434807483,0.9099645454840869,Challenge,5000.0
OUT_00117,988.1129326632404,1425.9455756230373,0.7323937212726619,Challenge,5000.0
OUT_00125,1184.6773705269795,643.0885741569314,0.8000947844994228,High Potential Urban,5000.0
OUT_00128,939.2791314002473,723.3524439359787,0.904533689759297,Stable Mature,5000.0
OUT_00146,1320.3799202388486,884.0514846802138,0.8367645193809516,Stable Mature,5000.0
OUT_00172,862.9454019502001,1230.9823155059098,0.728541976486672,Growing Rural,5000.0
OUT_00178,1267.7153169762564,542.360248964745,0.7412601886691375,Growing Rural,5000.0
OUT_00179,999.791276011995,765.4695466914974,0.7717554227663805,High Potential Urban,22500.0
OUT_00181,1329.7044210404542,973.6791227445615,0.8058824589697139,Stable Mature,5000.0
OUT_00191,917.8120275301208,1263.6108928026204,0.8334748769894287,Growing Rural,5000.0
OUT_00208,959.2017493188094,966.5699737202849,0.7320308885360746,Growing Rural,5000.0
OUT_00213,981.5344821959716,1109.8684101368933,0.6567704805428833,Challenge,5000.0
OUT_00219,922.1611407641273,1200.670488473177,0.8709651345733527,High Potential Urban,5000.0
OUT_00237,893.9593259863664,1086.891821180719,0.6964510258446303,Challenge,5000.0
OUT_00241,1003.8005848770176,1202.0885367086207,0.7204515921733752,Growing Rural,5000.0
OUT_00246,919.494107784787,928.7514183904034,0.8145082314372303,High Potential Urban,5000.0
OUT_00247,1307.6080862098888,805.1288306684392,0.8853311874082898,Challenge,22500.0
OUT_00250,919.2417016048724,780.9398658516789,0.87993543021416,Growing Rural,5000.0
OUT_00254,854.9830403629549,503.91155736870775,0.9248766479333502,High Potential Urban,5000.0
OUT_00265,983.1328084949034,897.0698595622563,0.9447769017961718,Growing Rural,5000.0
OUT_00267,958.0245805248376,1325.2937906597467,0.686459586208681,High Potential Urban,5000.0
OUT_00273,981.2281653730812,1123.984206869649,0.9111833743568687,Stable Mature,5000.0
OUT_00291,984.6417453602016,912.7186065360695,0.9090318109861423,Stable Mature,5000.0
OUT_00296,1008.0707369224648,1260.6148982595619,0.7103959462665008,Challenge,5000.0
OUT_00299,952.9924491998764,1004.2100989120704,0.8900911266636429,Stable Mature,5000.0
OUT_00303,1125.5429924667417,563.1212818692753,0.8677258847817708,Stable Mature,5000.0
OUT_00333,956.8843728393324,1388.3771307476245,0.8510484244436469,Growing Rural,5000.0
OUT_00338,970.077616811542,1464.042421052171,0.7366423374680747,Growing Rural,5000.0
OUT_00345,985.2090233031672,673.1038227662074,0.8307893127008772,Stable Mature,5000.0
OUT_00374,918.4784879381234,523.6570165454156,0.8759238674328483,High Potential Urban,5000.0
OUT_00376,1020.4595276147104,1373.9050507347335,0.7094738131907888,Stable Mature,5000.0
OUT_00378,986.1388204039108,560.1352418514047,0.8169134751382486,Growing Rural,5000.0
OUT_00387,1001.079323212676,1372.173069962867,0.6662692121585257,Stable Mature,5000.0
OUT_00389,925.8397657660606,986.9456680885132,0.8865149233652795,Stable Mature,5000.0
OUT_00397,935.3068987086468,1158.943748456847,0.7869295214535723,Stable Mature,5000.0
OUT_00398,997.4593310969598,1438.6901844686208,0.9464295327977903,Growing Rural,5000.0
OUT_00399,898.3152530890723,769.6554913419742,0.8870596018210792,Challenge,5000.0
OUT_00402,885.7359118551437,556.8562825542336,0.6684793370955204,Challenge,5000.0
OUT_00413,997.5857298986248,904.0335147929115,0.7331415217956421,Challenge,5000.0
OUT_00445,898.74108308395,792.990847222733,0.6877651647933465,Stable Mature,5000.0
OUT_00463,890.5066130947623,1074.1971118908773,0.8026930256542798,High Potential Urban,5000.0
OUT_00534,982.160443882779,821.2038699327635,0.6866023694067166,Growing Rural,5000.0
OUT_00539,968.0972845099192,683.5323544350008,0.7914465857183244,Growing Rural,5000.0
OUT_00551,952.7129272570136,1466.4478440162654,0.6743166349282317,High Potential Urban,5000.0
OUT_00570,924.9255848248056,1382.3744139089522,0.8662626773725248,Stable Mature,5000.0
OUT_00577,977.4089813648288,673.6909244415771,0.8214799917358234,Stable Mature,5000.0
OUT_00579,1111.5594002078096,1173.3668266923908,0.9250847951389047,Growing Rural,5000.0
OUT_00581,946.0010937014852,551.4314837992033,0.7287831515488818,High Potential Urban,5000.0
OUT_00589,979.6207099121784,520.1471110102513,0.7130531090725674,Challenge,5000.0
OUT_00591,921.627325827055,1420.4450418167198,0.8428332213628429,Growing Rural,5000.0
OUT_00600,981.1301038741811,1424.100791671022,0.7149760360887946,Stable Mature,5000.0
OUT_00603,937.4071379399649,1001.2163787422119,0.857548337920774,Stable Mature,5000.0
OUT_00606,891.2935581754497,1125.1277882239483,0.7326113671464787,High Potential Urban,5000.0
OUT_00614,962.5509236404832,773.8395647136476,0.6795158826057411,Challenge,5000.0
OUT_00633,1179.9759609236098,750.1388530701049,0.929575303637852,Stable Mature,5000.0
OUT_00639,949.5227156208556,934.4154683380518,0.7882632326527355,Challenge,5000.0
OUT_00649,967.2043280959144,1196.6967067502333,0.7935306152766997,Challenge,5000.0
OUT_00684,1192.9752943437873,806.3870907540486,0.9293623713730985,Challenge,5000.0
OUT_00691,1119.0781155520397,1026.0744837501836,0.939089820265852,Stable Mature,5000.0
OUT_00694,967.1529988915923,582.4362957207111,0.8611958078281348,Stable Mature,5000.0
OUT_00699,946.1470230086396,593.5528852820322,0.8743835031847753,Challenge,5000.0
OUT_00731,966.5908672992636,1163.6499010792693,0.854450492805457,Stable Mature,5000.0
OUT_00736,896.8180502682548,1344.2318498204077,0.8384378306714814,High Potential Urban,5000.0
OUT_00753,945.4105004152856,1071.2254177954355,0.8757973400597656,Stable Mature,5000.0
OUT_00789,901.409064826162,1012.199458087837,0.8773482593736416,Growing Rural,5000.0
OUT_00792,942.9025706804032,830.7754768159298,0.7653831820409271,Stable Mature,5000.0
OUT_00800,949.0189491971364,1343.4660288101218,0.75234399544785,High Potential Urban,5000.0
OUT_00823,915.7710489222763,625.2585081454426,0.8986295632214436,Growing Rural,5000.0
OUT_00857,953.6925777147252,1259.7641633544706,0.6557387759318442,Stable Mature,5000.0
OUT_00871,969.4123882476596,1012.6553941728451,0.8681102334155275,High Potential Urban,5000.0
OUT_00877,885.5535721067632,706.3243965981243,0.8156801009497912,Stable Mature,5000.0
OUT_00881,919.9195118471132,1267.1444640604,0.7845458969720105,Challenge,5000.0
OUT_00918,980.150719588564,1477.0729612099876,0.7250535262642441,Growing Rural,5000.0
OUT_00952,831.3207255183515,1003.5297273412112,0.7649316112323871,High Potential Urban,5000.0
OUT_00954,928.838704378647,1387.6546433297644,0.869944474307771,High Potential Urban,5000.0
OUT_00965,1251.3528311575312,571.2741812475988,0.7281957992129333,Challenge,5000.0
OUT_00973,915.0479167690788,1079.4019795721692,0.7639356297806082,High Potential Urban,5000.0
OUT_01073,949.5491470450391,741.725603246777,0.8634782990508802,Challenge,5000.0
OUT_01085,916.350426744024,1375.9534793651978,0.7732699749779666,High Potential Urban,5000.0
OUT_01099,957.5091855779146,1238.0015293794488,0.9227682011335661,Challenge,5000.0
OUT_01100,1212.8307209315735,573.3781854626353,0.8451457644868101,High Potential Urban,5000.0
OUT_01133,931.6050038906212,1086.3469266816605,0.8225051852749771,Growing Rural,5000.0
OUT_01146,1182.1278792279772,1236.8255696767,0.8442276601949577,Stable Mature,5000.0
OUT_01153,973.4385502213264,1418.766096365804,0.7735458424893231,High Potential Urban,5000.0
OUT_01164,964.5478994020458,1341.3981747481753,0.9276150604396776,High Potential Urban,5000.0
OUT_01197,924.8220293864828,1329.5933707245576,0.7476488131037256,Challenge,5000.0
OUT_01207,1174.1314037830782,753.4242894325184,0.8651176127139121,Challenge,5000.0
OUT_01214,879.8716125150078,1092.2075989523712,0.8441012788622243,Challenge,5000.0
OUT_01236,992.4790085580642,1216.7510494353303,0.9364761314557802,Challenge,5000.0
OUT_01241,1296.215602312085,1098.632183606213,0.6888896232089029,Challenge,5000.0
OUT_01246,949.3287003944856,743.466588036357,0.8232515003007442,High Potential Urban,5000.0
OUT_01270,950.924374721756,597.2984453497824,0.9075621936032985,Challenge,5000.0
OUT_01273,1008.0440752377168,754.9900169822303,0.9238324544486232,High Potential Urban,5000.0
OUT_01291,934.7195938362167,1249.157496959304,0.8836746051544928,Challenge,5000.0
OUT_01352,955.6766602101312,715.3721140002591,0.7672488146407797,High Potential Urban,5000.0
OUT_01369,922.083364981988,1060.6556226877851,0.658744799505495,High Potential Urban,5000.0
OUT_01375,905.2478877163702,708.7139968967759,0.7195323993707876,Growing Rural,5000.0
OUT_01391,990.3639870652772,710.3044451941108,0.6673141059148279,High Potential Urban,5000.0
OUT_01409,948.8337056502,631.2844951777821,0.8981497935333878,Stable Mature,5000.0
OUT_01411,916.4312260728948,901.2142340678106,0.6584138688336398,Growing Rural,5000.0
OUT_01437,960.7787262275532,1095.5890949020745,0.8092542266553708,High Potential Urban,5000.0
OUT_01440,1136.491522758546,1153.180248874134,0.8658875145945446,Stable Mature,5000.0
OUT_01453,925.444889721826,1461.8820901376705,0.8500393399380687,High Potential Urban,5000.0
OUT_01473,994.52734905212,1062.5554408045791,0.7951492436412992,Stable Mature,5000.0
OUT_01506,886.1591227022471,1348.2344580809663,0.672825780624537,High Potential Urban,5000.0
OUT_01520,950.9245775799602,757.7991534373645,0.6862567639888248,High Potential Urban,5000.0
OUT_01528,1200.2892538682345,925.499540406038,0.8832268584687598,Challenge,5000.0
OUT_01540,1018.270441234645,1199.8786974689588,0.866459951063264,Growing Rural,5000.0
OUT_01557,1227.6083963226486,1438.225374526023,0.9153179440070804,Challenge,5000.0
OUT_01559,996.1096628111536,769.8200192798458,0.889346357349395,Challenge,5000.0
OUT_01560,931.6676248931026,1365.0657237925614,0.8464023711564377,High Potential Urban,5000.0
OUT_01593,884.007780161345,1199.7888139995214,0.8931584909932886,High Potential Urban,5000.0
OUT_01621,965.597098228757,1207.331284066448,0.7072925305628336,Stable Mature,5000.0
OUT_01639,1388.206301070045,665.0692190111772,0.7739595429794541,Growing Rural,22500.0
OUT_01725,1262.999228596537,1254.457935863516,0.9393588671597648,Growing Rural,5000.0
OUT_01740,957.9619064972452,764.5265503372142,0.7938156186078029,Challenge,5000.0
OUT_01757,955.6932816621368,869.2215301601838,0.6569240050850886,Growing Rural,5000.0
OUT_01785,1076.7440759563394,1135.3669109513794,0.6940605646053308,Growing Rural,5000.0
OUT_01802,963.9147975304506,854.7656137186513,0.8478317773634422,High Potential Urban,5000.0
OUT_01803,933.2480851163544,1447.6678188946698,0.8834947589500768,High Potential Urban,5000.0
OUT_01806,1024.4324378688805,923.4429585018803,0.9139461412558189,High Potential Urban,5000.0
OUT_01825,961.9161699497644,648.9544791446549,0.9084607498284611,Challenge,5000.0
OUT_01826,1000.2975841346408,852.7959330217062,0.9013972963338768,Growing Rural,5000.0
OUT_01827,971.5041212091857,972.2854289504546,0.8382330976380146,Stable Mature,5000.0
OUT_01834,1014.3568159468928,1268.039743618952,0.7603557542602675,High Potential Urban,5000.0
OUT_01835,929.439903785903,932.9934887099687,0.6569276779081995,Challenge,5000.0
OUT_01844,905.0348702170336,1283.682034335056,0.8955281876734796,Growing Rural,5000.0
OUT_01851,921.8620171607804,997.4461640398029,0.8997439898762745,Growing Rural,5000.0
OUT_01877,989.7673307611008,615.6577673023194,0.8193065592919989,Growing Rural,5000.0
OUT_01878,974.1437165828722,510.76836324007667,0.8949236521864115,Growing Rural,22500.0
OUT_01887,964.4994436089768,886.5944093946947,0.9311211060567978,Challenge,5000.0
OUT_01891,950.2689225542088,1408.2075474917417,0.7593001785537815,Challenge,5000.0
OUT_01897,974.3537194412642,937.0155884601288,0.6913657736092497,Growing Rural,5000.0
OUT_01899,933.5776260705768,750.4093923746284,0.6504801022301037,Growing Rural,5000.0
OUT_01907,981.8275213141262,853.9043845192275,0.9248173433737119,Challenge,5000.0
OUT_01953,965.3697211390564,768.386163262838,0.8530988876002503,Challenge,5000.0
OUT_01984,902.0947604934264,990.1067842017844,0.6503640365867167,Stable Mature,5000.0
OUT_01991,993.469701035932,971.6981300290267,0.9402256630268926,Challenge,5000.0
OUT_01997,846.4811982418424,1133.5763427763236,0.7464226877338314,Growing Rural,5000.0
OUT_01999,1004.9990434095484,1257.9960899393996,0.7889483184707765,Growing Rural,5000.0
OUT_02016,1516.7270194277737,690.2498273994204,0.676423762683202,Growing Rural,22500.0
OUT_02022,1232.5745627604265,848.4919487398422,0.6901369011983869,High Potential Urban,5000.0
OUT_02034,1144.0109889212345,700.1606963086554,0.799607232437557,High Potential Urban,5000.0
OUT_02047,1492.719074266945,1124.7919538267224,0.9422848948505188,Challenge,22500.0
OUT_02066,974.972941088727,843.7742931576423,0.8134743785850749,Challenge,5000.0
OUT_02072,965.5184237769772,1019.179453870622,0.8543424838246065,Stable Mature,5000.0
OUT_02097,960.3818649055864,628.3591569835426,0.890599448147203,High Potential Urban,5000.0
OUT_02133,923.5757571257756,1094.9246235291448,0.9207087160197291,Growing Rural,5000.0
OUT_02138,1014.2368601031874,524.4196139725427,0.8238091716248765,High Potential Urban,5000.0
OUT_02146,938.2162475244712,698.0452348340048,0.8497538583316877,High Potential Urban,5000.0
OUT_02152,1286.2213003743243,1167.9503361998682,0.8665077829651515,High Potential Urban,5000.0
OUT_02176,1198.667727326649,540.4453979248649,0.9037223365882827,High Potential Urban,5000.0
OUT_02181,914.3825975090988,1192.159155973247,0.70623295909029,Growing Rural,5000.0
OUT_02190,1283.7384216024288,1091.9033086255713,0.7441083214598145,Challenge,5000.0
OUT_02201,866.8927833718133,705.079933155874,0.7951484329002053,Growing Rural,5000.0
OUT_02236,1209.5203472268963,1001.339317531157,0.8172377022477555,Stable Mature,5000.0
OUT_02242,915.4665382903892,561.4299470942942,0.682788018629014,Growing Rural,5000.0
OUT_02243,907.352993317724,756.1102775351774,0.9056424109099268,Stable Mature,5000.0
OUT_02246,920.2268188061618,1367.397800086279,0.8760117949805963,High Potential Urban,5000.0
OUT_02267,961.5738768375816,1348.8858510791997,0.8013333340187239,Challenge,5000.0
OUT_02303,1013.4236268010412,1006.7759319313577,0.7272818382007089,Stable Mature,5000.0
OUT_02310,933.3952801608456,859.0616327315024,0.7068512641676291,High Potential Urban,5000.0
OUT_02334,963.9718080719372,568.0103874591564,0.6653983716626471,Stable Mature,5000.0
OUT_02346,920.3420154802012,1411.3606067047454,0.8515335864737026,Challenge,5000.0
OUT_02351,1189.260380660859,872.4904931810055,0.789840424199076,High Potential Urban,5000.0
OUT_02358,954.4427952378418,1014.4063980103314,0.765449274454724,Stable Mature,5000.0
OUT_02387,1015.1850049727371,611.4178108471281,0.8367662425192144,Growing Rural,5000.0
OUT_02404,986.4813920768768,726.1817616853999,0.7982576450683079,Growing Rural,5000.0
OUT_02405,944.2415208717916,1161.352955771832,0.8828380820604799,Growing Rural,5000.0
OUT_02415,974.281623224532,748.7088061232295,0.9232522576234956,Growing Rural,5000.0
OUT_02452,1014.458317782558,728.293999228033,0.8134500891156308,High Potential Urban,5000.0
OUT_02458,951.2897984627464,933.4067132600223,0.6645385252719128,High Potential Urban,5000.0
OUT_02479,952.3717873158909,1310.9410308620206,0.6998842630630498,Stable Mature,5000.0
OUT_02482,905.9600763299044,851.0423866776594,0.884113634106289,Challenge,5000.0
OUT_02501,868.75107703759,836.5315536214287,0.7927334408519336,Stable Mature,5000.0
OUT_02515,925.0068580943096,700.8059069660649,0.8780601898907087,Growing Rural,5000.0
OUT_02524,1013.2052877632876,727.549261844771,0.6901484225139268,High Potential Urban,5000.0
OUT_02525,929.9890895859112,516.5308373930527,0.6574124861578504,High Potential Urban,5000.0
OUT_02538,868.1056165027964,916.0132721797943,0.70695956291049,High Potential Urban,5000.0
OUT_02541,934.5532830283012,1460.6857772185745,0.9126673126817872,High Potential Urban,5000.0
OUT_02593,916.9200585708531,1384.5394647589774,0.7617776772651215,Stable Mature,5000.0
OUT_02596,980.0299124576738,1082.0914833476181,0.9304661704549595,High Potential Urban,5000.0
OUT_02598,928.9218991431892,919.7992962472016,0.726587464608326,High Potential Urban,5000.0
OUT_02603,932.0182791084324,504.886900849481,0.6917972703310795,High Potential Urban,5000.0
OUT_02616,945.8838680540846,863.3615825629654,0.7747189709669128,High Potential Urban,5000.0
OUT_02636,1189.977553223653,1084.1208338816455,0.9286605623467321,Growing Rural,5000.0
OUT_02647,950.2934939119286,544.8272790620524,0.8293271667693147,High Potential Urban,5000.0
OUT_02665,1010.492303300539,1340.4021415788884,0.9363018559404032,Stable Mature,5000.0
OUT_02668,917.5390666593626,701.663303211799,0.6966568419351444,Challenge,5000.0
OUT_02684,836.9003608606736,635.6731226820494,0.9340909383910622,Challenge,5000.0
OUT_02717,957.4872707613924,1154.867554247016,0.7127612078564256,High Potential Urban,5000.0
OUT_02734,895.4683512518877,1067.7921225128002,0.8001702647597397,Challenge,5000.0
OUT_02755,1337.5044179498163,1197.7591215099892,0.8917982666057093,Stable Mature,5000.0
OUT_02758,1188.9711820009643,1348.9514925924468,0.764875320257563,High Potential Urban,5000.0
OUT_02760,1011.6043669425216,1198.0099186588977,0.8723674742928696,High Potential Urban,5000.0
OUT_02765,890.8667740460232,1474.5380943675846,0.8683258946229817,Challenge,5000.0
OUT_02782,1011.0221442962631,1270.238303031315,0.8700758122574443,Challenge,5000.0
OUT_02792,841.0733828326534,1171.1577334037574,0.6955404907546219,High Potential Urban,5000.0
OUT_02820,1001.1412012438054,1481.964129078136,0.8738434394032792,Challenge,5000.0
OUT_02832,952.7887036228464,572.5443972662347,0.9007511381479972,Challenge,5000.0
OUT_02858,920.7248755504172,548.496695148421,0.8926188043508286,Stable Mature,5000.0
OUT_02883,1170.6597432248757,802.9613641166826,0.8262659946502144,Stable Mature,5000.0
OUT_02890,912.283840207422,913.087478255771,0.9185740401898677,High Potential Urban,5000.0
OUT_02895,983.1034033514588,707.6056377583028,0.8731666692683778,Stable Mature,5000.0
OUT_02906,997.878300755651,614.1732712155941,0.8098230224520435,Challenge,5000.0
OUT_02911,1182.3193014506824,1268.8799713781805,0.6616104615642016,High Potential Urban,5000.0
OUT_02922,912.086366409764,929.1469937901702,0.7660955385098597,High Potential Urban,5000.0
OUT_02930,960.4001072693706,671.6660558852873,0.6855138965649932,Challenge,5000.0
OUT_02950,1270.1735720358306,805.2553021876302,0.8820398242417757,Growing Rural,5000.0
OUT_02956,1231.530553193269,1332.8171787309861,0.9240538801526466,Growing Rural,22500.0
OUT_02969,936.914431788193,1040.3527965301466,0.7062969959764109,Stable Mature,5000.0
OUT_02970,933.9638482705708,721.7510841437504,0.7779883801004781,Growing Rural,5000.0
OUT_02997,931.788758734058,714.6676639633476,0.8990735606200535,Growing Rural,5000.0
OUT_03004,912.7329990593308,1271.3583575339185,0.6766396329861429,Stable Mature,5000.0
OUT_03018,951.7064993081086,1338.3002901953525,0.8370547982081276,High Potential Urban,5000.0
OUT_03036,934.0824708487744,1167.6127113768937,0.7904587979193722,Stable Mature,5000.0
OUT_03052,1013.6944277375684,793.900145213555,0.6703456591848472,Stable Mature,5000.0
OUT_03061,995.6120979159376,505.19288619379563,0.7530398614081489,Challenge,5000.0
OUT_03075,1229.913860481211,749.682449095227,0.8628157585724103,Growing Rural,5000.0
OUT_03078,1285.9309348435058,890.7341249262047,0.6891546822361555,Growing Rural,5000.0
OUT_03084,989.9464017809642,1274.661830819883,0.7897032572030472,High Potential Urban,5000.0
OUT_03097,955.5833238449716,1004.1814206509928,0.7573599820802048,Stable Mature,5000.0
OUT_03129,899.1272343002063,851.5427862824013,0.9425249395480891,High Potential Urban,5000.0
OUT_03134,998.8693064474468,571.2940141339141,0.7995520944142342,High Potential Urban,5000.0
OUT_03148,1275.5437997223305,807.6756626097842,0.8931031338569607,Challenge,5000.0
OUT_03157,935.9706193674274,1476.0691665138193,0.6897710149308085,Challenge,5000.0
OUT_03164,923.7689922370854,1177.7430379734128,0.8378466822240416,Stable Mature,5000.0
OUT_03183,954.2578222733353,912.8211453135235,0.8904598417879018,Growing Rural,5000.0
OUT_03242,867.8458985375308,678.6730997475433,0.809451520276904,High Potential Urban,5000.0
OUT_03251,953.6161069867107,1457.47764539707,0.7462963542193992,Growing Rural,5000.0
OUT_03260,930.5861521217277,969.9562520105003,0.7155178375876823,Challenge,5000.0
OUT_03297,973.5450426546972,601.0364478571839,0.8783972788360975,Challenge,5000.0
OUT_03302,956.6643733444758,792.2315164423867,0.7292627851719089,Stable Mature,5000.0
OUT_03312,967.3985678044633,1276.5572129086868,0.9086681179606917,Stable Mature,5000.0
OUT_03316,1024.1486403074896,797.4198051178925,0.8276444152538012,Stable Mature,5000.0
OUT_03330,1238.8385067012794,1178.0567325354218,0.8134100018340148,Growing Rural,5000.0
OUT_03334,980.0945465794885,761.7093366148363,0.8110686265971236,Stable Mature,5000.0
OUT_03341,993.3392443116064,1334.927440342455,0.8266187857496573,Growing Rural,5000.0
OUT_03345,856.4629984723829,1182.4664921551162,0.6635185565816341,Growing Rural,5000.0
OUT_03346,1337.0775781538043,1372.8688947107735,0.8450346766795596,High Potential Urban,5000.0
OUT_03358,1147.1934872871834,608.717539648188,0.783466601135924,Challenge,5000.0
OUT_03359,889.9226593419659,673.9341533083989,0.9344510368977181,Challenge,5000.0
OUT_03381,1283.731105452862,756.7793469919734,0.747926257366315,High Potential Urban,5000.0
OUT_03402,1226.1901385468109,1484.8130896694413,0.6981935275578317,Growing Rural,5000.0
OUT_03414,1001.40819374217,1235.4947248903504,0.9057835381756314,High Potential Urban,5000.0
OUT_03418,987.7046850861896,1127.5151136025677,0.6820791903335192,High Potential Urban,5000.0
OUT_03423,958.2088942068814,957.5852312942673,0.9255336865187731,Challenge,5000.0
OUT_03451,963.9975787152156,1406.124349135706,0.6715912539992542,High Potential Urban,22500.0
OUT_03484,1185.5119454220085,1026.958221667876,0.7242526419341446,Challenge,5000.0
OUT_03513,984.4018696806916,916.8727308829292,0.795939003791743,High Potential Urban,5000.0
OUT_03533,977.1381138562316,1385.5154716663435,0.8549174068080444,Challenge,5000.0
OUT_03556,1099.4614020469764,928.1429390967758,0.932984301330037,Challenge,5000.0
OUT_03577,1132.2390313576248,879.8233433200696,0.8212740278803317,High Potential Urban,5000.0
OUT_03598,1040.8827006359993,1280.0309670855902,0.7319991953311079,Stable Mature,5000.0
OUT_03616,984.6983744697428,563.6112185495947,0.889639007771822,High Potential Urban,5000.0
OUT_03631,1012.1654447678314,1153.9988990684578,0.6887937671840992,High Potential Urban,5000.0
OUT_03634,888.4805566722791,932.654446360754,0.8257697441727418,Challenge,5000.0
OUT_03635,1369.0056469206206,1116.104529955819,0.7426624250360472,High Potential Urban,5000.0
OUT_03651,1436.551812939169,1272.3099451645307,0.6905366660137761,High Potential Urban,22500.0
OUT_03667,932.3319363195368,1010.8635656393471,0.9165729354293868,Challenge,5000.0
OUT_03669,907.7149573731068,1484.0469120253833,0.7050777099222099,Challenge,5000.0
OUT_03723,965.1744639504254,956.4758154672168,0.8046066762893813,Growing Rural,5000.0
OUT_03724,1174.3504199130732,1139.9697460973475,0.8651632038170847,Stable Mature,5000.0
OUT_03764,897.1402902754177,1085.4108289233827,0.6924810648541502,High Potential Urban,5000.0
OUT_03786,1333.2443408045403,1293.5403848222672,0.8758601367626662,Growing Rural,5000.0
OUT_03791,959.3131347138852,1017.7698312569104,0.7830494006757114,Stable Mature,5000.0
OUT_03824,1034.2331542504462,1391.9431873572662,0.9275235844972504,High Potential Urban,5000.0
OUT_03829,1197.722392624555,1109.8141470106884,0.8470906467669554,High Potential Urban,5000.0
OUT_03833,956.9589071450476,700.6426960411862,0.8163348061810858,Growing Rural,5000.0
OUT_03840,994.3890578745104,1114.233249810697,0.8312955313136448,Growing Rural,5000.0
OUT_03849,910.9585745754466,1194.688459568271,0.85707572803426,Growing Rural,5000.0
OUT_03850,878.1594065569852,1039.8949413621226,0.7992744407111871,High Potential Urban,5000.0
OUT_03861,934.8243383516644,645.8033055533227,0.7522700990598898,Growing Rural,5000.0
OUT_03876,1008.3866969229604,733.8116872739765,0.9077226855373927,Stable Mature,5000.0
OUT_03878,948.0647217075732,1458.1279198718103,0.7904483329323371,Growing Rural,5000.0
OUT_03885,1261.6473091837877,1379.401877349956,0.9103294021640134,High Potential Urban,5000.0
OUT_03902,957.8873180688438,930.0344739127223,0.9083321243008552,Challenge,5000.0
OUT_03910,952.4405213580084,977.945254855769,0.8903960580166457,High Potential Urban,5000.0
OUT_03959,1139.1893511601431,586.0457200112468,0.9141701032113412,High Potential Urban,5000.0
OUT_03980,1004.2343034046344,714.1524938447112,0.7891807315126975,Growing Rural,5000.0
OUT_03982,918.7958511339046,649.986828253299,0.7483899149228032,Challenge,5000.0
OUT_03988,896.869963436578,1191.822517578894,0.7659778697883097,High Potential Urban,5000.0
OUT_04005,951.7324334633888,690.5790433808892,0.85296497722977,Stable Mature,5000.0
OUT_04026,1006.8931782307576,578.4824875726389,0.7612665088089737,Stable Mature,5000.0
OUT_04048,885.7704808183714,832.0400645891614,0.9019809232378055,High Potential Urban,5000.0
OUT_04052,874.5683135318083,933.684134316195,0.8489232424308133,Stable Mature,5000.0
OUT_04059,958.1177389013512,1059.0751918570857,0.751510566387029,Growing Rural,5000.0
OUT_04061,952.2935281984052,1432.75572948337,0.8638343825140271,Challenge,5000.0
OUT_04062,925.7557422308688,1146.4200714381882,0.8137315708532933,Growing Rural,5000.0
OUT_04064,977.4682854179778,771.8142793117754,0.8473076795948468,High Potential Urban,5000.0
OUT_04097,920.7500683856766,1036.3001319907517,0.9055079251025309,Challenge,5000.0
OUT_04108,995.1542883422784,1205.3281750688307,0.7709665835821768,Challenge,5000.0
OUT_04111,910.2379784411032,1092.1468095090609,0.8048530313590879,High Potential Urban,5000.0
OUT_04131,846.686279566975,1281.3559191638137,0.9430889824246291,High Potential Urban,5000.0
OUT_04139,904.8092095875592,1334.3290946835525,0.8373239979600204,Challenge,5000.0
OUT_04143,975.1261904645028,1036.6497815293415,0.6726650382202586,Challenge,5000.0
OUT_04154,954.132810061969,703.319989677397,0.6896890267783419,High Potential Urban,5000.0
OUT_04161,1183.1374144006772,634.4749539132135,0.8710890388367275,Stable Mature,5000.0
OUT_04174,1004.5213851527247,1383.8566791785274,0.7112717145350756,Growing Rural,5000.0
OUT_04196,1260.2186330766997,895.359577158411,0.9154378408161048,Growing Rural,22500.0
OUT_04217,1095.0140072361676,933.589275939459,0.8549095698885836,Challenge,5000.0
OUT_04226,1000.111579804739,862.4608440624125,0.7204663979368501,Stable Mature,5000.0
OUT_04239,1155.5073263635288,613.7262274481949,0.8254943157161352,Challenge,5000.0
OUT_04250,982.8263405369988,521.3316927788169,0.6832483937357329,Stable Mature,5000.0
OUT_04254,988.510943049306,623.704636011602,0.784696897914462,High Potential Urban,5000.0
OUT_04261,996.6870432364204,1098.6005918586375,0.856553267288168,High Potential Urban,5000.0
OUT_04304,959.795225088229,1163.2920499187928,0.6602171381616573,High Potential Urban,5000.0
OUT_04309,978.1090396540052,1314.5824874331113,0.9419363308140296,Growing Rural,5000.0
OUT_04322,984.978475036952,1462.9835200317304,0.8636738010455132,High Potential Urban,5000.0
OUT_04328,975.7336908241195,1290.9713845903618,0.7003889346458863,Growing Rural,5000.0
OUT_04342,937.0301502099044,1482.641866879016,0.8536807889019784,Growing Rural,5000.0
OUT_04357,935.612481933282,947.8933992144732,0.8705441310378765,Stable Mature,5000.0
OUT_04382,935.0001305841514,877.1306929313016,0.7082743691689116,High Potential Urban,5000.0
OUT_04399,1220.7320293476294,877.1662361596435,0.8250100599551993,Growing Rural,22500.0
OUT_04400,930.0236467001756,687.3687736973416,0.9202129535566694,Growing Rural,5000.0
OUT_04402,848.6508879125557,1484.2176227615032,0.7468387174819172,Challenge,5000.0
OUT_04404,1014.4151437281222,1241.2572413874586,0.7246021174022186,Growing Rural,5000.0
OUT_04413,895.2336251076666,841.2022739756751,0.7990310810661487,High Potential Urban,5000.0
OUT_04414,961.8837429284032,1043.631773111821,0.8949141040142566,Stable Mature,5000.0
OUT_04415,1317.8289532980805,1225.7072550029868,0.7483276871891094,High Potential Urban,22500.0
OUT_04442,998.8324474063024,729.0812051602871,0.9262615673318257,Stable Mature,5000.0
OUT_04449,977.6835405762116,872.8220350401976,0.8254704799703156,Challenge,5000.0
OUT_04471,991.7859859616212,1464.4818867344918,0.7291594472407045,High Potential Urban,5000.0
OUT_04478,926.7208325953908,705.1331612808453,0.907070662904043,Stable Mature,5000.0
OUT_04507,931.4678665903176,545.3952955050402,0.7226169644557966,Growing Rural,5000.0
OUT_04514,982.02800345501,877.2896401922892,0.7178407015780545,Challenge,5000.0
OUT_04520,1009.4955773358084,652.1077463987629,0.8103835257270227,Challenge,5000.0
OUT_04526,973.4764094925148,963.1362682475024,0.9061195271726686,Challenge,5000.0
OUT_04533,940.1162287076668,1127.8482660114482,0.8154758068021571,Stable Mature,5000.0
OUT_04556,1023.9020855202313,1395.0724327622981,0.8318242436347113,Stable Mature,5000.0
OUT_04568,943.5473296400352,1015.2200261037806,0.6847945004678938,Stable Mature,5000.0
OUT_04606,898.017469893897,1258.2080991171983,0.782002206775034,Challenge,5000.0
OUT_04610,904.3416650714,1425.2802797494073,0.7369579278666184,Challenge,5000.0
OUT_04611,988.9226278282238,619.1434664573977,0.6630188570516803,Challenge,5000.0
OUT_04612,938.3516194328672,1477.100343042045,0.9140238294780325,Stable Mature,5000.0
OUT_04615,1001.5286408449022,1413.3874495320717,0.9017318167200182,Challenge,5000.0
OUT_04620,990.4907868550796,878.079047364416,0.8148343230353371,Challenge,5000.0
OUT_04626,1002.4650231628442,851.7291002113592,0.8027793709952479,Challenge,5000.0
OUT_04651,994.9304067931944,1383.758142762171,0.8255588392397366,Stable Mature,5000.0
OUT_04667,949.9504801036873,610.7233481683663,0.8206843786816994,Challenge,5000.0
OUT_04676,966.6158531449494,1358.0927053065286,0.8073836425780541,High Potential Urban,5000.0
OUT_04678,1399.9511968793286,1109.2650083255003,0.7021107685305386,Stable Mature,5000.0
OUT_04679,879.926541981543,1130.189830411346,0.8911983787273975,High Potential Urban,5000.0
OUT_04701,946.1850888374038,837.8199672445382,0.8300108628557453,Stable Mature,5000.0
OUT_04706,872.3430188448178,1031.1261896762503,0.6732373364494652,High Potential Urban,5000.0
OUT_04718,902.7640324457356,1074.4559188844166,0.7782731896210242,High Potential Urban,5000.0
OUT_04724,914.1123905495748,749.0208954850262,0.7101094324519324,Stable Mature,5000.0
OUT_04734,933.295863170924,988.6767833149872,0.8782769187843845,Challenge,5000.0
OUT_04737,980.6393690152664,1473.7641009603078,0.6756684566197934,High Potential Urban,22500.0
OUT_04742,992.4426104010454,916.8344977089765,0.8516217598122321,Challenge,5000.0
OUT_04758,906.959555381685,635.5316130810306,0.9143144939766321,Stable Mature,5000.0
OUT_04768,979.8008176235136,1035.77366740556,0.9420442808199476,High Potential Urban,5000.0
OUT_04772,953.7961558309288,769.614867715357,0.6599197930469887,Growing Rural,5000.0
OUT_04795,919.4837693647826,1457.298052104502,0.8692447574969484,High Potential Urban,5000.0
OUT_04804,990.560504970106,570.6319413217625,0.8414938694697917,High Potential Urban,5000.0
OUT_04808,925.8528870144976,894.1052510180627,0.7902408768611032,Growing Rural,5000.0
OUT_04812,1131.444184810058,1257.630859301395,0.73289629251034,High Potential Urban,5000.0
OUT_04819,1266.3124054602822,791.2394156309963,0.7326749835857078,Stable Mature,5000.0
OUT_04830,974.3929402240252,909.9922018781721,0.910862699124029,Growing Rural,5000.0
OUT_04869,1017.5798821562722,516.9889511656644,0.8956985312508252,High Potential Urban,5000.0
OUT_04873,920.4337830585292,1350.5740102572195,0.8809872455492571,Challenge,5000.0
OUT_04879,1206.4306604092365,898.6723087676725,0.7781753706122451,High Potential Urban,5000.0
OUT_04898,923.654796116814,651.8223550164647,0.8282703804084991,Challenge,5000.0
OUT_04925,958.7347686298268,1326.5055829193639,0.717385072489286,High Potential Urban,5000.0
OUT_04941,851.9357351925271,724.9224426481351,0.7382949067319342,Stable Mature,5000.0
OUT_04944,963.7005985165608,940.6427845016276,0.7335044373228066,Stable Mature,5000.0
OUT_04971,946.783246339932,1152.5990346883138,0.884889484515498,Growing Rural,5000.0
OUT_04973,1028.1370943735733,1466.5730338543717,0.8189288908044767,Challenge,5000.0
OUT_05046,907.2515701942316,616.9906038719068,0.7805746717614589,Challenge,5000.0
OUT_05050,1222.8990445203406,1456.5777259288204,0.6732723980154414,Growing Rural,5000.0
OUT_05052,964.0986481083744,880.9729867270198,0.7563478719698464,Challenge,5000.0
OUT_05095,1181.4755656204325,1237.3060128242837,0.8380200327054651,Growing Rural,5000.0
OUT_05104,903.8909210867682,1166.7766863350241,0.9373027906520883,Stable Mature,5000.0
OUT_05156,1141.415705577622,1318.0048872546672,0.7552411534644112,Stable Mature,5000.0
OUT_05157,1245.9565202876736,965.2404278275981,0.8617696679096708,Challenge,5000.0
OUT_05162,968.7367199044602,704.4503168362286,0.7628026545756091,Stable Mature,5000.0
OUT_05166,1006.9784197774778,649.7440509414561,0.735802465861207,High Potential Urban,5000.0
OUT_05168,911.8829436225286,868.2034380249014,0.8780509949163675,Challenge,5000.0
OUT_05170,885.5400766218617,867.6166001969457,0.8515880775395994,Growing Rural,5000.0
OUT_05178,941.5631383313388,1155.6840362903354,0.781084208113499,Stable Mature,5000.0
OUT_05185,945.2707912989754,1179.6130353407425,0.7136482818081901,Stable Mature,5000.0
OUT_05188,1018.9835482227973,1491.2669194120404,0.6855390243068528,Growing Rural,5000.0
OUT_05198,1188.9699702953128,771.7134870312987,0.7695333707389742,High Potential Urban,5000.0
OUT_05201,960.6142132809024,540.5229706459721,0.68101741634536,High Potential Urban,5000.0
OUT_05205,1339.970023298387,856.6492135324859,0.8815263378115759,Challenge,5000.0
OUT_05222,997.3994984726088,762.8908464472995,0.7898454541017508,Stable Mature,5000.0
OUT_05231,1245.9138770828094,744.1990289344238,0.9403425464013411,Challenge,22500.0
OUT_05233,948.9431396675644,1045.6642558919996,0.8181094269009763,Challenge,5000.0
OUT_05250,1210.988595191805,1459.5081491433345,0.7135587992265506,Stable Mature,5000.0
OUT_05256,872.4675606422547,1046.529378635574,0.8715449741168372,Stable Mature,5000.0
OUT_05257,944.9911134093346,1035.067573903161,0.9365568208436718,Challenge,5000.0
OUT_05272,965.2851386168865,1494.6625255849467,0.7485069211156353,Stable Mature,5000.0
OUT_05302,921.2940036277272,1484.4012299205474,0.7867998584164095,Stable Mature,5000.0
OUT_05325,978.287014866826,1489.3603597694118,0.6894397097583786,High Potential Urban,5000.0
OUT_05333,994.8645429689934,1024.6850398118982,0.8612295188313523,Growing Rural,5000.0
OUT_05340,978.2400005760704,544.1753629600024,0.7237272029772961,Growing Rural,5000.0
OUT_05366,1253.6956220947266,1030.6391570691262,0.8577793213771878,Growing Rural,5000.0
OUT_05384,937.5894814232224,1320.0617919136685,0.7669721577560963,Stable Mature,5000.0
OUT_05410,913.5790122440186,748.8874625993311,0.6727402309276846,Stable Mature,5000.0
OUT_05427,958.4861293611154,566.1585001897444,0.721706289716292,Stable Mature,5000.0
OUT_05428,972.9541171806582,1017.2868400045533,0.821731862051348,High Potential Urban,5000.0
OUT_05430,1204.4919174812112,579.4267164638215,0.7949459545558767,Stable Mature,5000.0
OUT_05459,948.425613588866,937.6299037837605,0.7376763821147322,High Potential Urban,5000.0
OUT_05478,922.2202293087282,711.8574039249763,0.7189932872750782,Growing Rural,5000.0
OUT_05493,1015.6357238955376,577.6155540885729,0.7008882719768618,High Potential Urban,5000.0
OUT_05495,928.4038358822112,1437.8407409929641,0.947364772026624,High Potential Urban,5000.0
OUT_05501,935.479396177256,1067.4814393985102,0.6565168791613838,Stable Mature,5000.0
OUT_05508,950.7027899285796,1278.1965095305836,0.8062178791803833,Challenge,5000.0
OUT_05514,885.4284543913731,1349.1304189068198,0.6534608253095271,Challenge,5000.0
OUT_05523,858.3958983223276,937.9665476823872,0.8025956935249566,Challenge,5000.0
OUT_05540,975.504509300095,1194.375238937108,0.6755068470804478,High Potential Urban,5000.0
OUT_05552,942.9626812601948,1192.3000429752522,0.7188168964354784,Stable Mature,5000.0
OUT_05564,1218.9067956072238,1459.0567874690428,0.6645078588925621,Stable Mature,5000.0
OUT_05571,944.2795834398046,585.8200511846936,0.8186892095916638,High Potential Urban,5000.0
OUT_05575,998.7576818429516,598.761325828584,0.8640646523546619,Stable Mature,22500.0
OUT_05592,1197.776905604483,1011.9727019434606,0.7492550778872035,Stable Mature,5000.0
OUT_05593,985.0202829816004,951.2204180722899,0.7002595744931978,High Potential Urban,5000.0
OUT_05604,982.7608514753184,642.6455465869178,0.7656448853523223,High Potential Urban,5000.0
OUT_05619,884.6603307234237,1414.8894127959825,0.8640963566964805,High Potential Urban,5000.0
OUT_05626,972.3071688726584,1448.4952030719076,0.6957219549146119,Growing Rural,5000.0
OUT_05639,1000.611953149456,966.396175298334,0.9267996163128358,Challenge,5000.0
OUT_05640,1139.092576700475,1280.0455901674027,0.725502736247764,Stable Mature,5000.0
OUT_05658,932.6661460720338,1069.02736553762,0.9447255150888476,Growing Rural,5000.0
OUT_05691,892.5777455832315,1383.6747013507206,0.8430053617764006,Challenge,5000.0
OUT_05692,950.9257902509192,930.3850014853376,0.9172180453730444,Challenge,5000.0
OUT_05716,1020.9787406070236,815.7936882725302,0.6994485375056221,High Potential Urban,5000.0
OUT_05757,1170.5803242295544,1255.0957557761428,0.8087221847960328,High Potential Urban,5000.0
OUT_05776,1207.851476115192,1240.216457498721,0.7136366474789433,Challenge,5000.0
OUT_05786,964.5425200216137,1385.3099986682146,0.7338913720916749,Growing Rural,5000.0
OUT_05804,982.08557984583,793.0710928764004,0.7613266408753524,Stable Mature,5000.0
OUT_05824,1498.585157610668,643.8827775397439,0.9449899634866106,Challenge,22500.0
OUT_05843,983.2491445051892,861.7069506982765,0.8954145748183429,Stable Mature,5000.0
OUT_05852,957.1542379641244,524.6967821545402,0.742540539417153,Challenge,5000.0
OUT_05854,971.175704913462,1183.69417401749,0.7763229529972782,Growing Rural,5000.0
OUT_05890,936.2128536789075,536.4668782188547,0.6808156348416591,High Potential Urban,5000.0
OUT_05899,977.9008183022444,1191.7690762849425,0.9256776764274607,High Potential Urban,5000.0
OUT_05937,971.0892516643822,861.7545306642802,0.8428534423280373,Stable Mature,5000.0
OUT_05948,1248.847785533051,1280.9108267276022,0.6691610960755177,Challenge,22500.0
OUT_05956,968.996150524908,843.1373848006592,0.668263631702086,High Potential Urban,5000.0
OUT_05984,893.4998898836207,990.3866628133092,0.878374735688582,Challenge,5000.0
OUT_06016,980.878633737854,985.6408804886426,0.8685392179143725,Challenge,22500.0
OUT_06026,967.1190607619887,714.0397661772896,0.6523432207288437,Challenge,5000.0
OUT_06041,949.0457890781272,524.1280375124833,0.7969674909878917,High Potential Urban,5000.0
OUT_06047,969.269484535227,715.5613957609283,0.8544490281498337,Growing Rural,5000.0
OUT_06049,976.8739912001668,898.4655553262317,0.6864446324320933,Stable Mature,5000.0
OUT_06088,890.6465115016058,1415.3838891133296,0.6900833709489229,High Potential Urban,5000.0
OUT_06093,1398.2956597479629,536.1333314602028,0.7112935065557404,High Potential Urban,5000.0
OUT_06097,836.2374040157425,1333.5881718256474,0.6616922827648578,Stable Mature,5000.0
OUT_06151,1197.2159419925113,1462.160068333825,0.8665648991168141,High Potential Urban,5000.0
OUT_06155,941.9461871357008,1497.424081597107,0.6892015120942963,High Potential Urban,5000.0
OUT_06157,949.7527903710752,1438.7066494578971,0.8988567810572828,Stable Mature,5000.0
OUT_06170,900.4040778581644,1374.557614339954,0.8626568059602449,Growing Rural,5000.0
OUT_06182,1003.0883251131058,1483.7344956426432,0.670108674950971,Growing Rural,5000.0
OUT_06205,1205.772340891061,1006.40450622606,0.6711187903545388,Challenge,5000.0
OUT_06215,1344.336025384167,719.5371083357032,0.6864897201735788,Growing Rural,22500.0
OUT_06228,977.043575463251,500.29087203995493,0.9106819516068707,Growing Rural,5000.0
OUT_06246,950.9728192062024,604.5711496906063,0.6723358014247202,Challenge,5000.0
OUT_06257,974.7196934897828,1166.5888834658708,0.8610848470609151,High Potential Urban,5000.0
OUT_06262,963.416034190468,1353.7797781254158,0.9309404120336715,Stable Mature,5000.0
OUT_06271,989.1738705039226,1010.4057728380853,0.6658176311559776,Growing Rural,5000.0
OUT_06315,952.5340013658904,1475.1958532084109,0.7945156259694558,High Potential Urban,5000.0
OUT_06327,960.4107443597076,1176.4012235251396,0.8281230867245789,High Potential Urban,5000.0
OUT_06332,923.4840706954162,789.6859502479513,0.9289568136518285,High Potential Urban,5000.0
OUT_06340,990.2487195538796,1481.8550885746379,0.6739773644520278,Growing Rural,5000.0
OUT_06367,922.1670600715928,1273.684710446029,0.8116676460638089,Stable Mature,5000.0
OUT_06373,1106.7593494980438,651.5044254785519,0.7778238518155621,Stable Mature,5000.0
OUT_06404,976.196646573092,757.489382173034,0.7498064338452557,High Potential Urban,5000.0
OUT_06420,1095.222302497367,850.004360599351,0.7451450524468552,Stable Mature,5000.0
OUT_06432,959.8749205929024,920.6715755540533,0.8841032297060136,Growing Rural,5000.0
OUT_06436,987.2193482976088,693.5251687725838,0.8424732678144653,High Potential Urban,5000.0
OUT_06439,1197.3070016670415,641.1879894933694,0.6793059650630562,High Potential Urban,5000.0
OUT_06462,966.8916486680232,501.5180563319105,0.6562623132267285,Growing Rural,5000.0
OUT_06490,948.5966329444994,1355.3734276728144,0.6650848651176123,Challenge,5000.0
OUT_06507,837.8256762950349,702.660113662733,0.7201486280528964,Stable Mature,5000.0
OUT_06538,934.5047542858404,1040.1411619230648,0.6797716774625331,High Potential Urban,5000.0
OUT_06540,933.4096981686506,836.3913543949641,0.9380309275100011,Stable Mature,5000.0
OUT_06545,919.0891387545038,758.0499762809008,0.7226217242991994,Stable Mature,5000.0
OUT_06565,961.4656131982427,738.8071551853591,0.6747169110463167,High Potential Urban,5000.0
OUT_06613,970.071919807592,742.5268677902418,0.8972959333696646,Stable Mature,5000.0
OUT_06615,932.3064755030364,1367.4502305891415,0.6781178743507535,Challenge,5000.0
OUT_06629,940.0968460981288,1036.7575774471575,0.8005204982704109,Growing Rural,5000.0
OUT_06631,946.2356082579264,633.3082918678933,0.7491136992192434,Challenge,5000.0
OUT_06663,1371.9301327910491,1223.9565797207529,0.7634455422857103,Growing Rural,5000.0
OUT_06677,933.0209045830312,1341.6691539212818,0.9225718400275733,High Potential Urban,5000.0
OUT_06718,900.0466097999758,1320.0259478853604,0.866594865018087,High Potential Urban,5000.0
OUT_06720,1116.6271691656646,944.2814367540593,0.7914436808071972,Challenge,22500.0
OUT_06724,1004.985314821902,925.4300379581879,0.919818151272964,Growing Rural,5000.0
OUT_06733,1335.612886183633,1415.4214324679137,0.7942682111692316,Challenge,5000.0
OUT_06736,953.90338557554,862.7411226092256,0.8241709802852766,Growing Rural,5000.0
OUT_06744,928.8369428310326,983.8694670329917,0.9276474462857602,High Potential Urban,5000.0
OUT_06760,984.189386995538,1157.670679741497,0.6583469382679709,Stable Mature,5000.0
OUT_06764,1022.7211790195812,1137.8467725952908,0.8783051101808088,High Potential Urban,5000.0
OUT_06797,882.8419251565911,988.1427859914518,0.6996756340033261,Stable Mature,5000.0
OUT_06815,971.0239455371712,1429.8356424333924,0.909471940206289,Growing Rural,5000.0
OUT_06818,1221.7579792916772,554.434085574636,0.7982456338207398,Growing Rural,5000.0
OUT_06826,1087.0727185950018,1011.2270449212406,0.7192647950709388,High Potential Urban,5000.0
OUT_06830,1268.132466018988,736.640920614858,0.8991781672195105,High Potential Urban,22500.0
OUT_06839,941.6103400310436,854.7030632585236,0.6923832952771721,High Potential Urban,5000.0
OUT_06860,944.6809326993828,762.6403659667101,0.8208165137514111,Challenge,5000.0
OUT_06863,964.6453265242524,1463.3324522421422,0.6674121940297603,Challenge,5000.0
OUT_06881,1298.9900507037323,1008.21125898836,0.7864884473991144,Stable Mature,22500.0
OUT_06888,1065.7376292337822,505.8443534779331,0.7867310167957974,High Potential Urban,5000.0
OUT_06906,1399.0071286186574,979.8470258642504,0.677867663930233,Stable Mature,22500.0
OUT_06922,874.151278140616,708.576220212097,0.9280784818598035,Growing Rural,5000.0
OUT_06996,905.3860881315704,989.230352440612,0.688873310867256,Stable Mature,5000.0
OUT_07002,1057.758717523158,705.3227925672345,0.8906599957821628,Growing Rural,5000.0
OUT_07056,929.2062118935288,1020.4268043223179,0.6951169664791148,Stable Mature,5000.0
OUT_07061,947.3133796161306,842.3902376486517,0.7044233910700586,High Potential Urban,5000.0
OUT_07065,971.497789734046,1184.7370761739837,0.9322988043171827,Growing Rural,5000.0
OUT_07089,1229.6426159668558,951.2433999035366,0.9155912595196006,Stable Mature,5000.0
OUT_07101,952.4002538528536,1219.7492286082552,0.9438469932841269,Growing Rural,5000.0
OUT_07121,1025.8221514372813,1190.134737480446,0.6502292302050644,Growing Rural,5000.0
OUT_07122,853.3427039979127,939.4737892958651,0.8216922290785389,High Potential Urban,5000.0
OUT_07124,1003.2641112733978,1456.2195583267555,0.8421923598211342,High Potential Urban,5000.0
OUT_07138,952.005885753629,1183.3291601813996,0.6763664854200541,High Potential Urban,5000.0
OUT_07141,979.7963406950992,663.3769885643917,0.9432970704180361,High Potential Urban,5000.0
OUT_07144,921.1879563730892,1454.1054279936056,0.6977633161963209,Growing Rural,5000.0
OUT_07147,929.6944621944618,1371.6579840537668,0.9157428223363442,High Potential Urban,5000.0
OUT_07148,994.7188655798084,1323.5082208318731,0.678999781588934,Challenge,5000.0
OUT_07156,952.9110052306422,763.1284138472911,0.7080430613554333,High Potential Urban,5000.0
OUT_07177,1291.1043804849592,1443.8693516032229,0.8875841772944821,Challenge,5000.0
OUT_07187,939.6234171999384,1192.680602468781,0.9198266383343014,Challenge,5000.0
OUT_07195,939.6175580209064,1045.4733257823905,0.8488744086556778,Challenge,5000.0
OUT_07214,1301.2507263436091,928.8242079675002,0.83860498845358,Stable Mature,22500.0
OUT_07219,961.3512104299868,1275.194155131665,0.7565186226476391,Challenge,5000.0
OUT_07233,1170.1350738608423,1061.2940867802713,0.9161732375081526,Challenge,5000.0
OUT_07258,969.1146657542732,1371.449004263685,0.7269029223958368,Growing Rural,22500.0
OUT_07266,971.2303300558584,791.1684371841995,0.766651158968644,Stable Mature,5000.0
OUT_07273,1024.0899402595717,564.7832959769868,0.7768810083761564,Growing Rural,5000.0
OUT_07276,1228.4036888883377,1016.6545764214219,0.7856529792024992,Challenge,5000.0
OUT_07285,1201.9815456785734,507.385191832165,0.758077108014818,High Potential Urban,5000.0
OUT_07300,986.5137768660892,743.5748619247288,0.6960564636042471,Challenge,5000.0
OUT_07305,929.7901218418124,645.0506431138795,0.6830934971914104,Growing Rural,5000.0
OUT_07307,989.2823108785112,539.9950168204152,0.771128368260974,Challenge,5000.0
OUT_07324,971.0299664040868,1162.565857419695,0.8452862789258975,High Potential Urban,5000.0
OUT_07335,948.0151303526286,1027.2973556144127,0.9266091857162481,Growing Rural,5000.0
OUT_07349,925.296081013928,574.8246393292877,0.6909698864808481,Stable Mature,5000.0
OUT_07354,960.230498350688,755.1854851788856,0.7379063053542428,Stable Mature,5000.0
OUT_07368,958.5434137305252,1477.1853709932595,0.9249865379904775,Challenge,5000.0
OUT_07380,935.419575667652,928.5085020447057,0.6707330884294095,Growing Rural,5000.0
OUT_07386,983.5672126525398,611.7796407035482,0.7857519036463078,Stable Mature,5000.0
OUT_07390,918.740522791876,1399.8234852608593,0.7837054616044183,Stable Mature,5000.0
OUT_07408,1355.8379158053308,1056.9913313244983,0.8000456448019037,Challenge,22500.0
OUT_07422,943.0337810669208,1235.1515710345354,0.6553411179251896,Stable Mature,5000.0
OUT_07451,923.2401658494108,500.43237814601105,0.8240070582514915,Stable Mature,5000.0
OUT_07480,937.4505977830448,614.1686681818665,0.907848352312183,High Potential Urban,5000.0
OUT_07492,1226.2715357979964,1404.0488420085608,0.9383011162562389,Challenge,5000.0
OUT_07504,1136.8729860561568,1097.1197204319674,0.9381026092471494,Stable Mature,5000.0
OUT_07505,880.1463025789832,1157.3340162369338,0.8066668935151816,Growing Rural,5000.0
OUT_07515,1051.6524048807892,949.0958317280343,0.6632520825444479,Growing Rural,5000.0
OUT_07519,1231.074754551744,1247.629935980487,0.8860016481596119,High Potential Urban,5000.0
OUT_07536,849.1037307157495,1014.1711951405705,0.6921009308069513,Growing Rural,5000.0
OUT_07581,969.6645416483728,602.1697614869825,0.7264346123926002,Stable Mature,5000.0
OUT_07590,917.304206455792,759.7599135755756,0.7677341798740512,Challenge,5000.0
OUT_07600,982.4235505220328,1205.1752039785315,0.924630388436861,Growing Rural,22500.0
OUT_07605,1025.496608612846,1208.6554993510017,0.7282118604181205,Challenge,5000.0
OUT_07629,958.7400287720396,560.4707024157067,0.8262653311132687,High Potential Urban,5000.0
OUT_07633,1283.8191757284785,733.1745751193431,0.7810261595641882,Challenge,22500.0
OUT_07636,950.8522332115288,647.662700415739,0.8902415438443426,Growing Rural,5000.0
OUT_07639,1190.0980626774483,766.5325303733339,0.7367084820640871,High Potential Urban,5000.0
OUT_07671,1034.83782055033,1142.9442703326645,0.8640886882165643,High Potential Urban,5000.0
OUT_07674,891.0709605927991,1147.6428446326736,0.6978648718442425,Stable Mature,5000.0
OUT_07679,963.9835165475816,1190.221366556485,0.8657465262065218,High Potential Urban,5000.0
OUT_07720,1221.4189127584204,911.4093894669377,0.7843790723936369,Stable Mature,5000.0
OUT_07734,988.6120668125568,769.0787573637948,0.7931661387619211,High Potential Urban,5000.0
OUT_07769,915.333740291914,928.1643916520884,0.6776936667770586,Challenge,5000.0
OUT_07786,964.4840651590832,1235.61633662739,0.8355294204577896,Challenge,5000.0
OUT_07787,971.7301385328244,1018.6860793090488,0.6784069720614914,Challenge,5000.0
OUT_07791,942.037355199923,1283.0764536848342,0.7913169815893023,Growing Rural,5000.0
OUT_07792,977.7557107299608,1070.3929091061837,0.8413012206163132,High Potential Urban,5000.0
OUT_07795,956.4279304678314,782.5196495223681,0.936508685459799,Growing Rural,5000.0
OUT_07801,1001.208152574002,763.9210709965371,0.6668362317684329,Growing Rural,5000.0
OUT_07817,1023.1602959483672,1180.9388834361553,0.7666742263319543,High Potential Urban,5000.0
OUT_07845,930.168302265161,1404.6468212783589,0.8442775253256253,Challenge,5000.0
OUT_07859,947.4240798610192,632.7772584737846,0.71311231138518,High Potential Urban,5000.0
OUT_07875,970.6545745978152,1296.6494101742576,0.8350102988359054,Challenge,5000.0
OUT_07893,1040.6958845354332,928.9555059920498,0.7675255611062015,High Potential Urban,5000.0
OUT_07901,904.9190244785544,1120.1371441197425,0.7870684910467883,Stable Mature,5000.0
OUT_07911,883.0586345127949,940.4444783675644,0.8377051149124665,High Potential Urban,5000.0
OUT_07923,1169.730247234991,1234.364284027598,0.9461601583003875,Challenge,5000.0
OUT_07949,992.2278338425868,1464.8132821479962,0.7380181235019987,Challenge,5000.0
OUT_07967,844.3071773105116,1157.2199729808344,0.702111704583575,Challenge,5000.0
OUT_07980,1329.7425736674888,595.1106088047616,0.9010613633929678,Stable Mature,5000.0
OUT_07985,922.7652552601584,532.1976564022741,0.881135031886473,Stable Mature,5000.0
OUT_07991,918.951873388451,1051.1501339599558,0.7557850007187173,Stable Mature,5000.0
OUT_08025,908.879035200022,974.8849609806055,0.8202644209839209,Stable Mature,5000.0
OUT_08029,963.414232902864,806.0193817135982,0.6651259692215886,Challenge,5000.0
OUT_08037,995.0829856365592,1005.4521045163995,0.7751122564478831,Growing Rural,5000.0
OUT_08066,977.2181031990629,1409.6920415762697,0.7257450357287092,Stable Mature,5000.0
OUT_08067,1262.044006893041,1496.7668661370967,0.7439218846874353,Stable Mature,5000.0
OUT_08083,928.1272642902178,1362.8536262747134,0.8666019061874964,Stable Mature,5000.0
OUT_08090,1220.93713092106,773.2969282304089,0.8773219493820895,Stable Mature,5000.0
OUT_08097,986.9370033169528,1458.5370090969084,0.6885609966790278,Growing Rural,5000.0
OUT_08099,830.0728895732864,1318.5760999187487,0.8554196394641924,High Potential Urban,5000.0
OUT_08112,923.85660138921,568.3686723455065,0.9148164813271911,Stable Mature,5000.0
OUT_08126,889.8662068045697,690.6720981654934,0.8059410105917224,High Potential Urban,5000.0
OUT_08129,885.6700824445838,775.4691746526169,0.7641905312978914,High Potential Urban,5000.0
OUT_08159,1315.5137977943148,1211.0344827694971,0.8185895916476689,Growing Rural,5000.0
OUT_08175,949.4403650809896,1217.8060768243602,0.8145038244974738,Stable Mature,5000.0
OUT_08177,1232.8461843666832,854.7554086216342,0.6504036157817649,Challenge,22500.0
OUT_08179,951.1819727410092,929.3932433470263,0.7798260227605549,Stable Mature,5000.0
OUT_08186,890.1335909191982,601.7990785912275,0.7673532862771658,Challenge,5000.0
OUT_08195,988.4689252056762,770.4444622228552,0.6766895816873223,Stable Mature,5000.0
OUT_08206,940.4932347126456,1117.3134090211397,0.8757004408646463,High Potential Urban,5000.0
OUT_08217,836.9995649027583,1242.4701864140254,0.9093697789843429,High Potential Urban,5000.0
OUT_08218,1196.455409933803,1135.7112816075105,0.830668974776295,Challenge,5000.0
OUT_08222,1075.126531513279,764.1395310627265,0.9140827407667775,High Potential Urban,22500.0
OUT_08226,1239.4229780046428,808.4115910814364,0.7651011755343701,High Potential Urban,5000.0
OUT_08233,928.0817702612524,1033.2947727688052,0.7778404080918232,Growing Rural,5000.0
OUT_08234,842.5076430331289,778.2221074396425,0.9035444715713137,Challenge,5000.0
OUT_08237,932.311960848748,805.4757414673275,0.682208465595352,Stable Mature,5000.0
OUT_08241,947.0628387766068,1386.5550011716182,0.7437933854350408,High Potential Urban,5000.0
OUT_08243,928.5272151820776,641.8081129723088,0.9169744846739438,High Potential Urban,5000.0
OUT_08260,885.6572570573137,551.2857186725764,0.8452202304666157,High Potential Urban,5000.0
OUT_08271,909.2937991407211,1072.3486969660196,0.8914664788116178,Growing Rural,5000.0
OUT_08273,976.4104693789455,622.4153638679494,0.8373610431893302,Challenge,5000.0
OUT_08275,918.3464346752623,825.3078505993869,0.9187909736251377,Challenge,5000.0
OUT_08280,898.471835576737,540.983660542716,0.6760732613127393,High Potential Urban,5000.0
OUT_08292,997.5410887497104,957.7758686532843,0.8540091910065026,Growing Rural,5000.0
OUT_08305,985.6988862429062,896.8754326627432,0.7272375675586886,Growing Rural,5000.0
OUT_08307,1158.2695709363506,1459.4271258105837,0.7096594507449149,Challenge,5000.0
OUT_08330,915.5434625997082,1029.78255572787,0.8384275344583001,Stable Mature,5000.0
OUT_08331,926.1304436478972,1032.9251276080422,0.8657183397747822,Challenge,5000.0
OUT_08355,913.2520075510334,1442.2575284793402,0.7005997254102654,Growing Rural,5000.0
OUT_08362,911.0799980603506,1023.8232894261604,0.6622714657461807,Challenge,5000.0
OUT_08382,907.862717287557,1417.3789350309603,0.7594521189415169,Stable Mature,5000.0
OUT_08400,977.908311917494,523.8556539817587,0.8051734531085109,High Potential Urban,5000.0
OUT_08427,951.8781484559364,803.5893666866097,0.7581578087549201,Growing Rural,5000.0
OUT_08437,1013.3633066095288,1208.2206437204095,0.9192827629792806,High Potential Urban,5000.0
OUT_08438,922.9128578356084,877.1175427822666,0.9361644764790744,Challenge,5000.0
OUT_08449,932.462399343307,658.1312320218426,0.7358719145028736,Stable Mature,5000.0
OUT_08458,970.9291786271712,576.3410163560054,0.7673882257814006,Stable Mature,22500.0
OUT_08474,978.5804199406718,586.1235254292774,0.8823113254887062,Challenge,5000.0
OUT_08477,970.5317383674918,883.5581489310616,0.8537378246568523,Challenge,5000.0
OUT_08493,889.6942715980207,1217.20874991499,0.8027854806891657,Growing Rural,5000.0
OUT_08506,876.3010202276802,883.3060587844732,0.7287226766578567,High Potential Urban,5000.0
OUT_08512,947.3881521271838,1086.1821643303338,0.853681037528904,Growing Rural,5000.0
OUT_08517,940.9340311568412,1386.1979386088137,0.8874877607908397,High Potential Urban,5000.0
OUT_08540,955.7417996523704,1486.951957345455,0.8049525880336201,Growing Rural,5000.0
OUT_08552,975.6448886724636,542.6157166054912,0.6858337335721705,Growing Rural,5000.0
OUT_08565,962.0319554673284,580.5087426968178,0.922194039724609,Growing Rural,5000.0
OUT_08619,1204.7503825341864,1207.5898816284498,0.6617042237698486,Growing Rural,5000.0
OUT_08625,1216.447812773944,1171.3078547663708,0.7584785409085479,Stable Mature,5000.0
OUT_08630,993.628003109232,1184.471603610414,0.7752803820647766,High Potential Urban,5000.0
OUT_08631,1014.4696593255763,1092.2353560452298,0.7590539242531634,High Potential Urban,5000.0
OUT_08636,1220.221119017924,1298.541691437787,0.8173965131454523,High Potential Urban,5000.0
OUT_08642,1039.093447889913,616.9852578025569,0.9389752661830135,Challenge,5000.0
OUT_08647,1077.6678644991352,1383.2293164260373,0.8026988609507955,Stable Mature,22500.0
OUT_08652,969.4735337864436,1447.1935298510507,0.9015971944362506,High Potential Urban,5000.0
OUT_08653,981.2719629619014,739.8599480513504,0.8349691837643888,Growing Rural,5000.0
OUT_08658,949.893201499162,653.9852418529306,0.7758317866099868,Growing Rural,5000.0
OUT_08665,1009.2191798037225,1498.5896188058332,0.826029167256987,Challenge,5000.0
OUT_08666,1222.2228952964472,748.4029285435129,0.7236061649803378,Challenge,5000.0
OUT_08673,985.9489871573852,1107.7802531623431,0.8326498614451843,Growing Rural,5000.0
OUT_08676,1370.7259965763694,745.9378951761821,0.8413890282897974,Stable Mature,5000.0
OUT_08682,925.227669161378,916.7863527458155,0.8757647656010252,Growing Rural,5000.0
OUT_08704,982.0931961916856,1416.531934027469,0.9118831615212339,Stable Mature,5000.0
OUT_08708,901.5860482077454,1135.5266114036235,0.7220849033817331,High Potential Urban,5000.0
OUT_08721,886.5070434796361,612.593198206548,0.6987598929600819,Growing Rural,5000.0
OUT_08739,1168.3524929224602,575.9694139787907,0.6516893362233089,Growing Rural,5000.0
OUT_08753,938.1302681774712,1303.749291662479,0.6913073562675428,Stable Mature,5000.0
OUT_08756,943.2712571519525,703.0180644382555,0.663206471410027,Stable Mature,5000.0
OUT_08761,941.3286923617148,1087.5062855221695,0.91572924870781,Growing Rural,5000.0
OUT_08767,911.1506284012428,831.6828975923548,0.6809810632659425,Stable Mature,5000.0
OUT_08780,1003.0132746360608,1115.02570089873,0.6768284096224613,Challenge,5000.0
OUT_08783,972.03793294172,731.519905054465,0.8472137516450091,Challenge,5000.0
OUT_08785,937.9505756230736,1407.921212287897,0.65410499476451,High Potential Urban,5000.0
OUT_08827,1317.3384109003168,860.2200969154046,0.9190550036759191,Growing Rural,5000.0
OUT_08840,898.8811905238077,1231.4660280148425,0.7833367169010279,High Potential Urban,5000.0
OUT_08841,1233.7827240240556,645.2220698515758,0.8738729064213503,High Potential Urban,22500.0
OUT_08871,1363.6202145495677,1477.241861064721,0.8119490368356981,Stable Mature,22500.0
OUT_08877,932.5979886318032,1252.9888121681195,0.7122813474955673,High Potential Urban,5000.0
OUT_08884,887.7930507659394,1368.1269823722578,0.9062884323521216,Challenge,5000.0
OUT_08914,999.892551449718,703.0705307392078,0.6873097168817305,High Potential Urban,5000.0
OUT_08921,1173.431253855782,920.8682150427851,0.6773642601247198,Stable Mature,22500.0
OUT_08925,1005.8527930269428,658.0518120564901,0.7993132684203719,Stable Mature,5000.0
OUT_08947,909.9154468954048,1178.8423748693322,0.7633846119161571,Challenge,5000.0
OUT_08965,1000.5639978877688,580.0766898856218,0.663573178271736,High Potential Urban,5000.0
OUT_08969,961.5052729507292,974.7533575285486,0.7205511934466858,Growing Rural,5000.0
